"PC","sDev","R2","R2cum"
1,61.45507978279,0.23057,0.23057
2,42.5631975918098,0.1106,0.34117
3,34.0446954441207,0.07076,0.41193
4,22.9614517863091,0.03219,0.44412
5,22.8640294192139,0.03191,0.47603
6,21.8879544715106,0.0292499999999999,0.50528
7,20.6010703150714,0.0259100000000001,0.53119
8,19.9973998661533,0.0244099999999999,0.5556
